<DATE>,<TIME>,<OPEN>,<HIGH>,<LOW>,<CLOSE>,<VOL>
20181130,000000,276.7484622,276.7484622,272.7086366,275.6313892,4887
20181203,000000,275.6313892,283.6957382,275.6313892,282.1552996,4915
20181204,000000,282.1552996,283.0071316,273.2493203,273.6216780,4912
20181206,000000,273.6216780,273.6216780,262.4968550,268.5004848,4896
20181207,000000,268.5004848,277.4115649,266.3989593,266.8682320,4901
20181210,000000,266.8682320,266.8682320,256.4983259,262.3489321,4891
20181211,000000,262.3489321,266.8427281,259.6557150,262.3744360,4791
20181212,000000,262.3744360,268.5157872,262.3744360,263.3078806,4914
20181213,000000,263.3078806,265.5726314,261.4205883,264.0883015,4909
20181214,000000,262.4662502,263.1191514,256.2585888,257.3807626,4911
20181217,000000,257.3807626,258.8803949,250.7395340,252.3309805,4847
20181218,000000,252.3309805,252.8308579,245.0980603,246.4497696,4911
20181219,000000,246.4497696,251.8106999,241.5071041,243.3076830,4860
20181220,000000,243.3076830,244.1034062,235.0750079,236.4573220,4878
20181221,000000,235.8503280,240.2574106,232.0043324,233.6722907,4873
20181224,000000,233.6722907,233.6722907,224.1950229,224.1950229,2747
20181226,000000,224.1950229,238.6353594,222.4097464,238.6251578,4896
20181227,000000,234.2843855,239.9972703,230.4536922,239.9768671,4832
20181228,000000,239.9768671,241.7009342,236.3144999,237.7886282,4898
20181231,000000,237.7886282,240.7317841,236.1155691,238.9567091,4915
20190102,000000,235.4167609,245.3735030,234.1721681,243.9044754,4913
20190103,000000,243.9044754,245.1745721,238.8036854,241.4816002,4901
20190104,000000,241.4816002,250.8313483,241.4816002,250.4181843,4887
20190107,000000,250.4181843,256.1004643,248.8828465,254.1876681,4907
20190108,000000,254.1876681,258.5539443,254.1876681,256.4983259,4900
20190109,000000,256.4983259,261.3950843,256.4983259,260.4820429,4900
20190110,000000,260.4820429,261.4511930,257.0135057,261.2981693,4908
20190111,000000,261.2981693,261.2981693,257.2634444,259.5383968,4914
20190114,000000,259.5383968,260.0739797,256.7890710,259.1609383,4896
20190115,000000,259.1609383,262.3336297,258.7630767,260.1147861,4916
20190116,000000,259.6404126,261.8796594,258.9467051,259.7373276,4916
20190117,000000,258.4570293,263.2262680,257.1869326,262.2112107,4890
20190118,000000,265.3685998,267.9036924,263.6496335,267.2354889,4909
20190122,000000,264.5881789,264.7054971,260.4208335,260.9564164,4896
20190123,000000,261.7011317,262.3438313,256.2126817,258.2019898,4914
20190124,000000,258.0387645,261.8337523,256.6513496,259.8546458,4916
20190125,000000,261.7062325,264.6646907,261.5175033,263.1038490,4913
20190128,000000,263.1038490,263.1038490,257.5031816,260.3647248,4914
20190129,000000,261.6450231,263.0732443,261.0431298,261.2114559,4911
20190130,000000,261.2114559,265.7715622,261.2114559,264.8432184,4896
20190131,000000,264.8432184,267.6384513,264.2770307,266.2000285,4900
20190201,000000,266.2000285,272.3668836,266.2000285,270.8009411,4908
20190204,000000,270.8009411,271.4589430,266.9498447,271.4436406,4920
20190205,000000,271.4436406,272.3464805,270.2296526,271.5864628,4920
20190206,000000,270.4132811,271.0967869,269.3421152,269.4543325,4918
20190207,000000,269.4543325,269.4543325,261.0278275,263.4711059,4910
20190208,000000,263.4711059,263.4711059,257.0135057,261.5124025,4920
20190211,000000,261.5124025,263.2568727,259.5587999,262.9100190,4918
20190212,000000,262.9100190,267.7047616,262.9100190,266.0929119,4917
20190213,000000,266.0929119,271.6272691,266.0929119,269.5512476,4912
20190214,000000,269.5512476,271.9435181,267.5874434,270.0307218,4901
20190215,000000,270.0307218,274.5143162,270.0307218,274.4837115,4915
20190219,000000,274.4837115,276.4475156,272.7035358,275.3610474,4544
20190220,000000,275.3610474,277.7941242,275.0447984,276.4679188,4909
20190221,000000,276.4679188,276.4679188,270.9794688,271.9333165,4913
20190222,000000,271.9333165,274.7438518,271.4742454,272.8769626,4918
20190225,000000,272.8769626,274.2133696,272.4331939,273.1779092,4903
20190226,000000,273.1779092,274.6163320,271.8006959,271.9027117,4819
20190227,000000,271.9027117,275.7997153,271.5864628,273.0197848,4461
20190228,000000,273.0197848,273.3054290,268.6382061,270.2551566,4901
20190301,000000,270.2551566,275.2488300,270.2551566,275.2335276,4904
20190304,000000,275.2335276,277.1157191,271.7649904,275.9629406,4904
20190305,000000,275.9629406,276.1414682,273.1524053,275.0754031,4905
20190306,000000,273.3207314,273.3207314,269.8930005,271.2549114,4902
20190307,000000,271.4028343,271.5456564,268.5565935,269.7093720,4888
20190308,000000,265.0625524,265.0625524,261.8949618,264.3229378,4908
20190311,000000,264.3229378,269.1788899,264.3229378,268.6076014,4064
20190312,000000,269.1074788,272.0047275,269.1074788,270.5816071,4865
20190313,000000,270.5816071,273.7185930,270.5816071,273.6216780,4227
20190314,000000,273.6216780,275.2029229,273.5145614,273.7849033,4479
20190315,000000,273.7849033,274.3765949,272.9636761,273.4329487,4481
20190318,000000,273.4329487,277.9726518,273.4329487,277.4676736,4913
20190319,000000,277.4676736,280.3037129,275.4987687,276.4832212,4900
20190320,000000,276.4832212,281.7115309,275.5854821,279.2172446,4894
20190321,000000,278.5796459,281.7115309,277.9828534,281.2116535,4914
20190322,000000,281.2116535,281.2116535,272.3821860,273.4023440,4907
20190325,000000,273.4023440,273.8920198,270.7550340,273.3819408,4915
20190326,000000,273.3819408,543.6700000,273.3819408,543.6700000,4915
20190327,000000,277.3146499,539.9900000,273.2391187,539.9900000,4919
20190328,000000,275.4375592,542.1500000,274.0603459,542.1500000,4919
20190329,000000,276.5393299,541.6100000,275.3355434,541.6100000,4905
20190401,000000,276.2638872,549.0000000,276.2638872,549.0000000,4369
20190402,000000,280.0333710,545.0400000,277.3401539,545.0400000,4913
20190403,000000,278.0134582,545.9900000,274.0552451,539.2600000,3726
20190404,000000,275.0652015,544.0800000,273.9481285,544.0800000,4913
20190405,000000,277.5237823,553.7600000,277.5237823,553.7600000,4913
20190408,000000,282.4613470,556.2900000,282.4613470,556.2900000,4028
20190409,000000,283.1142482,551.4200000,279.3957723,549.0000000,4314
20190410,000000,281.0025211,551.5800000,280.5332484,551.5800000,4911
20190411,000000,281.3493748,551.3900000,279.1305312,551.3900000,4921
20190412,000000,281.2524598,284.6546867,281.2524598,282.1297957,4916
20190415,000000,282.1297957,549.7400000,279.9721615,549.7400000,3067
20190416,000000,280.4108295,553.1400000,280.2935113,553.1400000,4920
20190417,000000,283.5121098,552.5000000,281.4411890,552.5000000,4903
20190418,000000,281.8186475,549.4400000,279.7681299,549.4400000,4916
20190422,000000,280.2578058,561.3300000,280.2578058,561.3300000,4921
20190423,000000,286.3226451,561.6400000,284.4404536,561.6400000,4916
20190424,000000,286.4807696,551.1900000,281.1504440,551.1900000,4915
20190425,000000,281.1504440,548.8500000,279.6406102,548.8500000,4917
20190426,000000,277.7584187,542.5400000,273.9226246,542.5400000,4914
20190429,000000,276.7382607,541.2600000,275.3814505,541.2600000,4920
20190430,000000,276.0853595,540.3900000,275.0345968,540.3900000,4911
20190501,000000,275.6415908,528.5100000,269.5767515,528.5100000,4895
20190502,000000,269.5818523,519.2700000,264.8483192,519.2700000,4910
20190503,000000,264.8687223,524.3600000,264.8687223,524.3600000,4914
20190506,000000,267.4650244,524.2100000,265.1288626,524.2100000,4915
20190507,000000,264.6391868,520.8300000,262.1959084,520.8300000,4861
20190508,000000,265.6644456,520.2900000,265.0115445,520.2900000,4608
20190509,000000,264.3586433,520.4800000,261.7266357,520.4800000,4894
20190510,000000,265.4859179,521.4000000,260.9411140,521.4000000,4891
20190513,000000,265.9551906,512.4900000,259.9209560,512.4900000,4890
20190514,000000,261.4103867,518.7000000,261.4103867,518.7000000,4914
20190515,000000,264.5779773,521.3100000,262.1857068,521.3100000,4919
20190516,000000,265.9092835,523.4000000,265.9092835,523.4000000,4921
20190517,000000,266.9753486,517.2800000,263.5476177,517.2800000,4921
20190520,000000,263.8536651,517.0900000,263.0885466,517.0900000,4544
20190521,000000,263.7567501,523.0300000,263.7567501,523.0300000,4906
20190522,000000,266.7866194,514.0500000,261.4766970,514.0500000,4896
20190523,000000,262.2061100,497.3700000,251.8566070,497.3700000,4552
20190524,000000,253.6979922,497.9500000,252.0096307,497.9500000,4901
20190528,000000,253.9938381,492.3100000,250.9537672,492.3100000,4914
20190529,000000,251.1169925,489.8100000,246.4191649,489.8100000,4910
20190530,000000,249.8417950,483.6800000,246.0060009,483.6800000,4919
20190531,000000,246.7150107,475.9100000,242.4711534,475.9100000,4908
20190603,000000,242.7516969,482.4800000,242.7516969,482.4800000,4871
20190604,000000,246.1029159,490.6700000,246.1029159,490.6700000,4913
20190605,000000,250.2804629,484.6200000,245.4041077,484.6200000,4895
20190606,000000,484.6200000,492.5300000,249.1531883,492.5300000,4874
20190607,000000,251.2292099,494.3700000,251.1220933,494.3700000,4785
20190610,000000,252.1677552,495.6000000,252.1677552,495.6000000,4901
20190611,000000,252.7951524,496.1000000,252.7951524,496.1000000,4911
20190612,000000,253.0501919,488.0200000,248.3013564,488.0200000,4918
20190613,000000,248.9287536,494.5400000,248.9287536,494.5400000,4921
20190614,000000,252.2544687,490.2600000,249.5918563,490.2600000,4919
20190617,000000,250.0713305,253.0858974,248.8114354,252.4533995,4847
20190618,000000,252.4533995,257.6204997,252.4533995,256.0902627,4808
20190619,000000,256.0902627,257.1920334,254.3049862,255.5852845,4829
20190620,000000,255.5852845,262.0224815,255.5852845,261.3440764,4906
20190621,000000,261.3440764,264.1036038,261.3440764,263.3843924,4904
20190624,000000,263.3843924,263.9454793,260.5024461,260.8339974,4919
20190625,000000,260.8339974,260.8339974,258.4213238,258.6202546,4875
20190626,000000,260.6299658,264.6850939,260.6299658,262.8182048,4911
20190627,000000,262.8182048,263.4456019,260.3749263,260.8288967,4910
20190628,000000,261.7164341,264.3178370,261.6603254,264.1342086,4899
20190701,000000,264.1342086,268.4290738,263.7873549,264.4708607,4907
20190702,000000,264.4708607,264.4708607,258.8446893,259.6200094,4909
20190703,000000,259.6200094,261.1604480,258.8548909,261.0737346,2757
20190705,000000,261.0737346,261.6399223,259.4414818,261.5277049,4918
20190708,000000,261.5277049,263.2874774,260.3086161,261.5736120,4916
20190709,000000,261.5736120,261.9714736,259.4516834,261.7674420,4912
20190710,000000,261.7674420,266.0980127,261.7674420,265.5573290,4911
20190711,000000,265.5573290,266.1490206,264.1801157,265.7613606,4897
20190712,000000,266.0112993,267.5415363,265.9551906,266.7152083,4891
20190715,000000,266.7152083,266.9447439,263.3537877,263.9046730,4907
20190716,000000,263.9046730,263.9046730,259.8189402,260.7931911,4916
20190717,000000,260.7931911,261.2828670,257.5082824,257.5082824,4916
20190718,000000,257.5082824,257.6051974,254.8660731,257.4725768,4908
20190719,000000,257.4725768,259.4669857,256.5697370,258.7375728,4907
20190722,000000,258.7375728,260.7370824,257.7786242,259.9311576,4917
20190723,000000,259.9311576,261.2726654,259.1354344,260.6962761,4911
20190724,000000,260.6962761,263.5017106,260.0484758,261.8388531,4889
20190725,000000,261.8388531,262.8794142,257.7225155,258.4009206,4897
20190726,000000,258.4009206,258.5590451,256.1514722,257.1410255,4913
20190729,000000,257.1410255,257.1410255,254.0652491,255.9882469,4915
20190730,000000,255.9882469,259.9362584,254.4427076,259.4210786,4907
20190731,000000,259.4210786,261.7725428,256.5544346,258.1917882,4555
20190801,000000,258.1917882,258.1917882,250.4283858,251.6321723,4501
20190802,000000,251.6321723,254.4427076,245.8274733,248.2452477,4813
20190805,000000,248.2452477,248.2452477,238.9363060,240.5685588,4791
20190806,000000,240.5685588,242.8945190,237.7070156,240.3390232,4857
20190807,000000,240.3390232,240.3390232,234.6822471,238.5486459,4692
20190808,000000,238.5486459,245.2867895,238.5486459,245.2408824,4883
20190809,000000,245.2408824,245.7917677,241.3183749,242.1140981,4846
20190812,000000,242.1140981,242.1140981,237.5488911,238.6506617,4904
20190813,000000,238.6098554,243.1903648,236.4114149,240.9919243,4546
20190814,000000,240.9919243,240.9919243,230.9178641,230.9586704,4867
20190815,000000,230.9586704,230.9586704,227.3575127,229.7395816,4637
20190816,000000,229.7395816,233.3509409,229.7395816,232.8408619,4882
20190819,000000,232.8408619,238.7832823,232.8408619,238.0640709,4919
20190820,000000,236.7378655,236.9469979,235.0444032,235.7840178,4899
20190821,000000,235.7840178,238.8699957,235.7840178,237.5233871,4906
20190822,000000,237.5233871,239.0995313,236.0798636,236.1818794,4893
20190823,000000,236.1818794,236.1818794,226.8423329,227.9747083,4678
20190826,000000,227.9747083,231.1371981,227.9747083,229.0356726,4886
20190827,000000,229.0356726,231.1678028,226.3373547,227.5411411,4907
20190828,000000,227.5411411,232.0706426,227.5411411,231.0096783,4893
20190829,000000,231.0096783,235.5289783,231.0096783,234.5955337,4889
20190830,000000,234.5955337,237.4162706,232.9683817,234.5343242,4901
20190903,000000,234.5343242,234.5343242,229.6222634,233.0397927,4839
20190904,000000,233.0397927,237.3448595,233.0397927,236.5287331,4905
20190905,000000,238.1048772,242.1600053,238.1048772,239.7779363,4878
20190906,000000,239.7779363,241.0021259,237.5947982,240.8440014,4850
20190909,000000,240.8440014,246.2559396,240.8440014,245.7968685,4914
20190910,000000,245.7968685,252.3003758,245.7968685,248.8777457,4892
20190911,000000,248.8777457,252.1014450,247.4801292,249.1327852,4916
20190912,000000,245.6846511,248.1891390,243.7871573,247.3985166,4735
20190913,000000,247.3985166,250.4742930,247.3985166,249.3980263,4914
20190916,000000,249.3980263,259.9260568,249.3980263,258.6151538,4909
20190917,000000,258.0846716,258.1152764,252.7594469,254.1978697,4884
20190918,000000,254.1978697,254.1978697,251.3261249,253.0399903,4915
20190919,000000,254.6059329,255.0139961,251.4689470,251.9178165,4919
20190920,000000,251.9178165,253.4633559,251.1782020,252.1830576,4920
20190923,000000,252.1830576,253.0756959,250.4130835,252.4227947,4913
20190924,000000,251.8566070,251.8566070,246.8119257,248.1534335,4813
20190925,000000,246.9700502,248.9389552,246.6078941,248.6788149,4845
20190926,000000,247.7453703,247.8065798,244.1595149,245.2765879,4821
20190927,000000,245.2765879,247.0414613,243.5576217,245.1592698,4732
20190930,000000,245.1592698,245.1592698,243.2770783,243.4607067,4889
20191001,000000,244.2819339,245.3479990,237.8906440,237.9365511,4744
20191002,000000,237.9365511,237.9365511,231.4330439,231.8258047,4769
20191003,000000,231.8258047,234.8250692,228.8826489,234.7485574,4631
20191004,000000,234.7485574,236.4267173,233.1928164,236.1716778,4877
20191007,000000,236.1716778,237.3091540,233.8253144,233.8304152,4867
20191008,000000,231.4228423,233.2234212,229.5100461,229.5559532,4768
20191009,000000,231.4024391,233.0295912,231.4024391,231.9635260,4882
20191010,000000,231.9635260,235.3657530,231.9635260,234.8658756,4819
20191011,000000,234.8658756,240.1400924,234.8658756,238.2783041,4719
20191014,000000,238.2783041,238.5078396,235.2229309,237.7784266,4910
20191015,000000,237.7784266,241.1296457,236.9316955,238.7424760,4661
20191016,000000,238.7424760,239.4361834,235.2994427,235.3147451,4609
20191017,000000,235.3147451,237.0337113,234.7638598,235.4728696,4741
20191018,000000,235.4728696,236.7429663,234.1721681,234.1721681,4863
20191021,000000,234.1721681,238.5435451,234.1721681,238.4415293,4702
20191022,000000,239.0791281,244.0574991,238.3293120,241.5275073,4527
20191023,000000,241.2010567,243.8483667,239.9105569,243.3484893,4779
20191024,000000,243.3484893,244.8736255,241.0225291,242.4048432,4902
20191025,000000,242.4048432,244.7512066,241.9202681,244.2513292,4906
20191028,000000,244.2513292,246.3579554,242.3793392,242.7057898,4909
20191029,000000,242.7057898,245.8019693,240.9256141,243.8483667,4897
20191030,000000,244.2258252,244.3380426,237.7784266,238.6353594,4853
20191031,000000,238.6353594,238.6353594,235.3555514,237.5998990,4885
20191101,000000,239.0230194,243.7208470,238.7628791,243.5882265,4881
20191104,000000,243.5882265,251.7494905,243.5882265,251.1118917,4912
20191105,000000,251.3924352,253.5245654,250.6069135,252.0402355,4847
20191106,000000,252.0402355,252.0402355,245.5979377,246.2304357,4868
20191107,000000,246.2304357,250.8211467,246.2304357,250.0611290,4847
20191108,000000,250.0611290,250.0611290,245.4194101,248.1840382,4852
20191111,000000,248.1840382,248.1840382,244.8838271,246.6589020,4915
20191112,000000,247.0465621,248.5308920,243.8840723,245.1847737,4890
20191113,000000,245.1847737,245.1847737,242.9914340,243.8279636,4869
20191114,000000,244.1391118,245.1541690,242.3997424,243.0679459,4902
20191115,000000,243.0679459,245.4500148,243.0679459,244.7614082,4903
20191118,000000,244.7614082,244.7614082,240.5583572,241.4101891,4901
20191119,000000,241.4101891,241.4101891,237.4927824,237.7427211,4853
20191120,000000,237.6049998,241.8998650,236.2634920,240.1451932,4782
20191121,000000,240.1451932,244.3074378,240.1145885,244.0115920,4827
20191122,000000,244.0115920,245.5826353,242.9149222,243.1699617,4877
20191125,000000,243.1699617,244.0319952,242.1396021,243.7361494,4880
20191126,000000,243.7361494,243.7361494,240.6144659,241.1908552,4893
20191127,000000,241.1908552,242.5323629,240.0635806,241.9814776,4914
20191129,000000,241.9814776,241.9814776,238.7475767,239.4361834,2576
20191202,000000,239.4361834,241.9814776,239.4055787,239.5484008,4809
20191203,000000,239.5484008,239.5484008,235.1362174,235.8962351,4718
20191204,000000,237.6560077,240.3288216,237.4417745,239.6249126,4852
20191205,000000,240.7725904,240.8593038,237.7325195,238.3599167,4887
20191206,000000,239.7371300,243.7004438,239.7269284,243.2158688,4877
20191209,000000,243.2158688,243.7769557,241.0378315,242.6292779,4915
20191210,000000,243.4045980,243.9962897,242.0324855,243.0934498,4869
20191211,000000,243.0934498,244.3839497,242.2008116,242.7159914,4896
20191212,000000,242.7159914,247.9494019,242.7057898,247.5311371,4628
20191213,000000,247.5311371,249.5153444,245.1643706,245.3684022,4518
20191216,000000,245.3684022,249.5459492,245.3684022,248.9338544,4910
20191217,000000,249.3623207,251.0455814,248.0259138,249.0460718,4901
20191218,000000,249.0460718,251.3822336,248.6431093,249.9132061,4912
20191219,000000,250.0203226,250.6681230,249.4796389,249.8979037,4904
20191220,000000,249.8979037,252.4431979,249.8979037,251.9943284,4901
20191223,000000,251.9943284,254.9986937,251.5811644,254.8150652,4916
20191224,000000,254.8150652,255.7485098,254.2182728,254.6671423,2760
20191226,000000,254.6671423,256.6564504,254.3202886,254.7385534,4919
20191227,000000,254.7385534,255.6260909,253.3766425,253.4633559,4914
20191230,000000,253.4633559,254.9527866,252.4329963,252.6523303,4901
20191231,000000,252.6523303,254.3457926,250.6579214,254.2947847,4907
20200102,000000,254.2947847,256.6513496,254.2947847,256.3759070,4899
20200103,000000,258.7171696,259.3496676,254.5804289,255.7026027,4810
20200106,000000,255.7026027,258.9926123,255.7026027,257.6817092,4892
20200107,000000,257.6817092,257.6817092,254.1009546,257.1971342,4870
20200108,000000,256.9012884,256.9726994,252.1269489,252.4380971,4747
20200109,000000,252.0147315,254.5396226,249.4235302,254.2998855,4819
20200110,000000,253.9479309,254.3049862,252.5146090,252.6880358,4891
20200113,000000,252.6880358,253.6418835,251.1373957,252.8359587,4841
20200114,000000,252.8359587,253.2695259,250.8160459,252.9940832,4795
20200115,000000,252.9940832,252.9940832,250.4997969,251.2751170,4875
20200116,000000,251.2751170,253.4123480,251.2751170,251.5556604,4865
20200117,000000,251.6882810,252.3105774,249.5408484,249.8928029,4884
20200121,000000,249.8928029,249.8928029,244.9807421,245.0470524,4887
20200122,000000,245.0470524,245.0470524,242.2926258,242.7618985,4862
20200123,000000,240.4614422,242.6037740,238.3956222,241.8029500,4791
20200124,000000,241.8029500,241.8029500,237.1000216,238.8291894,4857
20200127,000000,238.8291894,238.8291894,232.0247355,232.1318521,4680
20200128,000000,232.1318521,234.7434566,232.1318521,233.2285220,4831
20200129,000000,234.3149902,235.4116601,230.5965143,230.6526230,4803
20200130,000000,230.6526230,232.7031406,227.8114830,232.5348145,4612
20200131,000000,232.5348145,232.5348145,224.1440150,225.3427006,4458
20200203,000000,225.3427006,225.3427006,221.6395271,222.4556535,4745
20200204,000000,222.4556535,227.0565661,222.4556535,223.0269420,4773
20200205,000000,225.9445938,232.1471545,225.9445938,231.3718344,4599
20200206,000000,232.0400379,232.1369529,228.5000896,228.7551291,4771
20200207,000000,226.5668902,228.0614217,226.0007025,226.9953566,4740
20200210,000000,226.9953566,226.9953566,223.6135328,224.8836295,4886
20200211,000000,226.8984416,228.0716233,226.2761452,227.1534811,4835
20200212,000000,227.1534811,231.5248581,227.1534811,230.2649630,4888
20200213,000000,230.2649630,230.7087317,228.0410185,229.1580915,4853
20200214,000000,229.1580915,229.5253484,226.1435247,227.4238229,4907
20200218,000000,227.4238229,227.4238229,223.4911139,225.5671354,4859
20200219,000000,226.9188447,229.3315184,225.8221749,228.5153920,4882
20200220,000000,229.0815797,230.8464530,227.7604751,228.3215620,4801
20200221,000000,228.3215620,228.3215620,223.5727265,225.2253825,4711
20200224,000000,225.2253825,225.2253825,214.3300950,214.5851345,4370
20200225,000000,215.3706562,215.6460988,204.0877087,205.1792778,3660
20200226,000000,205.1792778,206.9492519,198.9359108,198.9359108,3852
20200227,000000,193.0546999,197.1608359,187.8875997,187.9437083,2901
20200228,000000,181.7870548,190.4532970,180.5730668,190.4379947,2393
20200302,000000,190.4379947,195.8652352,186.8980464,195.8193281,3406
20200303,000000,195.8193281,199.1603456,187.4081254,189.6167675,2703
20200304,000000,189.6167675,193.6973995,189.2546114,193.5953837,4021
20200305,000000,186.9694575,188.7802379,183.3734005,186.4644792,4012
20200306,000000,186.4644792,186.4644792,173.1004094,175.6150989,3123
20200309,000000,175.6150989,175.6150989,139.0118299,139.2821717,2026
20200310,000000,150.7640500,150.7640500,137.0327234,146.3977738,1324
20200311,000000,140.4808574,142.9445390,136.3288143,138.3844327,1749
20200312,000000,127.9125108,129.4376470,120.9703356,121.5314225,1451
20200313,000000,130.6108287,132.4165084,118.3026225,132.4114076,1625
20200316,000000,132.4879195,132.4879195,114.2525952,114.6402553,2664
20200317,000000,116.3490199,120.1950156,111.1513149,115.1707374,2570
20200318,000000,110.3606924,110.3606924,94.8491901,98.8686126,2138
20200319,000000,99.7714524,106.0658273,95.3235635,105.6526633,2441
20200320,000000,109.0395878,110.9472833,102.5615845,106.7646355,2529
20200323,000000,105.2292977,105.2292977,97.9402688,99.5113121,2032
20200324,000000,108.6723310,115.9970654,107.5909635,115.4665832,3035
20200325,000000,118.3485296,126.2292501,112.7631645,120.4806598,2886
20200326,000000,120.4806598,130.1109513,120.4806598,127.8002935,3404
20200327,000000,120.9295293,122.1078118,118.4148399,119.0524386,3861
20200330,000000,119.0524386,121.2151736,113.8343304,120.1236045,4024
20200331,000000,123.6686536,125.9691098,119.7920532,122.1945252,3611
20200401,000000,117.3691779,120.0164879,114.7320695,116.4051286,3911
20200402,000000,116.4051286,132.6307416,116.4051286,126.8464457,3502
20200403,000000,130.7587517,131.5442733,121.8221676,125.1478827,4301
20200406,000000,125.1478827,132.5695321,125.1478827,131.6564907,4127
20200407,000000,139.6851342,141.8019620,134.2680952,134.3191031,3900
20200408,000000,134.3191031,143.6382464,134.3191031,143.3934085,4580
20200409,000000,150.0295363,152.6462415,136.8694981,142.1743197,3749
20200413,000000,142.1743197,146.7905346,139.4351954,141.7152486,4628
20200414,000000,141.8274660,144.2503412,140.3431361,141.2000688,4281
20200415,000000,134.1099707,135.9819606,130.6312319,134.6863600,4329
20200416,000000,133.8498304,133.8498304,129.0754910,129.3305305,4262
20200417,000000,133.1918285,142.7915153,132.2787871,142.6333908,4272
20200420,000000,142.6333908,143.2148808,133.7682178,138.1855019,4665
20200421,000000,132.9469906,138.3385256,132.2634847,135.9513559,4096
20200422,000000,135.9513559,142.6690963,135.9513559,140.6593850,4550
20200423,000000,140.6593850,148.4023843,140.6593850,144.9899558,4348
20200424,000000,144.9899558,149.0297814,143.1026635,145.3317087,4564
20200427,000000,145.3317087,149.5143565,141.0878514,148.3921827,4913
20200428,000000,150.7079413,152.7839629,148.3819811,151.6617891,4889
20200429,000000,157.0023162,163.3579005,156.7013696,162.9804421,4901
20200430,000000,162.9804421,163.3425982,157.1196344,159.6547270,4347
20200501,000000,159.6547270,159.6547270,148.7339356,149.9428228,4896
20200504,000000,149.9428228,155.4720792,146.8772481,155.4312729,4920
20200505,000000,161.6083296,163.0059460,154.9211939,155.5740950,4920
20200506,000000,156.4463301,157.3542707,151.3557417,151.4628583,4919
20200507,000000,151.4628583,158.2163042,151.4628583,155.2323421,4843
20200508,000000,155.2323421,162.1082070,155.2323421,162.0367959,4902
20200511,000000,162.0367959,162.0367959,158.5835611,159.3180749,4919
20200512,000000,159.3180749,160.3994423,155.6557076,155.6557076,4032
20200513,000000,155.6557076,155.6557076,147.4281334,148.6880285,4764
20200514,000000,148.6880285,151.5954788,142.5619797,150.1366529,4846
20200515,000000,150.1366529,153.2481348,148.4074851,149.7795976,4869
20200518,000000,149.7795976,162.2867346,149.7795976,161.2818790,4895
20200519,000000,161.1798632,161.3634917,156.6452609,156.6452609,4903
20200520,000000,159.7669444,163.1691713,159.1395472,162.6845963,4914
20200521,000000,162.6845963,164.0261040,159.0681362,160.3178297,4919
20200522,000000,158.8028951,159.5578120,156.0892748,159.3894859,4918
20200526,000000,159.3894859,165.5359379,159.3894859,164.0414064,4568
20200527,000000,166.6020030,167.1936946,161.2614759,165.7909774,4803
20200528,000000,165.7552718,165.7552718,160.4912566,161.0931498,4802
20200529,000000,158.9100117,161.7613533,157.3644723,160.6646834,4719
20200601,000000,160.6646834,164.3066475,158.2214050,163.4344124,4915
20200602,000000,165.2247897,168.0200226,165.0972699,167.9384100,4918
20200603,000000,170.6979374,173.7839153,170.3306805,173.1463166,4918
20200604,000000,173.1463166,173.7584114,169.7491904,173.1616189,4920
20200605,000000,182.5980804,187.8467933,182.5980804,186.3063548,4916
20200608,000000,186.3063548,194.8858835,186.3063548,194.8654804,4919
20200609,000000,194.8654804,194.8654804,184.9750486,187.4744357,4900
20200610,000000,185.1178707,185.8931908,178.1399900,178.1399900,4913
20200611,000000,178.1399900,178.1399900,161.0472427,161.2767782,4728
20200612,000000,168.9483664,169.8665086,161.1798632,165.6787600,4789
20200615,000000,165.6787600,167.8823013,156.8951996,166.0868232,4907
20200616,000000,174.0899627,174.2174825,166.1786374,170.7591468,4876
20200617,000000,169.9634236,170.1674552,165.0717660,165.0870684,4892
20200618,000000,163.2813887,168.7545364,162.4448591,167.1018804,4906
20200619,000000,172.0751507,172.0751507,164.3525546,164.3525546,4906
20200622,000000,164.3525546,165.7195663,161.7460509,165.2859992,4919
20200623,000000,166.6326077,168.0710305,164.7963233,165.3166039,4918
20200624,000000,162.1286102,162.3122386,155.1762334,156.1249803,4913
20200625,000000,154.9926049,159.7159365,153.9928501,159.1242448,4916
20200626,000000,157.4868913,157.9051560,152.7839629,153.3552514,4909
20200629,000000,153.3552514,156.9768123,153.1920261,155.6965140,4891
20200630,000000,153.4623679,160.0882942,152.8859787,159.1905551,4907
20200701,000000,159.3384780,161.9296793,155.1813342,155.2629468,4914
20200702,000000,155.2629468,160.7360945,155.2629468,157.1145336,4911
20200706,000000,157.1145336,161.0421419,155.9158479,157.8745513,4917
20200707,000000,157.8745513,157.8745513,152.9114826,153.0951111,4904
20200708,000000,153.2583363,155.5995990,151.9066270,153.0441032,4911
20200709,000000,153.0441032,153.0441032,145.6071513,145.6989656,4787
20200710,000000,145.1378787,150.3865916,145.0817700,150.2998781,4914
20200713,000000,150.2998781,152.2432791,148.3411748,149.3562320,4561
20200714,000000,149.3562320,154.9160931,147.9943211,154.7324647,4897
20200715,000000,157.6144110,158.9610196,155.5944982,157.8643497,4917
20200716,000000,156.6350593,159.0528338,154.8650852,157.0431225,4917
20200717,000000,157.2114486,159.1803535,154.1305714,154.6508520,4917
20200720,000000,154.6508520,155.8648400,151.9984412,151.9984412,4911
20200721,000000,151.9984412,162.4142544,151.9984412,161.3532901,4797
20200722,000000,161.3532901,161.3532901,156.9972154,159.2109583,4918
20200723,000000,157.9153576,159.8383554,157.0890296,159.0426322,4914
20200724,000000,159.6037191,161.3328869,157.6399150,158.0632805,4897
20200727,000000,158.0632805,158.9559188,155.9821582,158.2367074,4919
20200728,000000,157.3083636,158.8079959,155.2221405,155.5026839,4919
20200729,000000,155.8240337,158.8539030,154.9620002,158.8283990,4916
20200730,000000,155.3751642,155.3751642,151.2027180,152.6564431,4917
20200731,000000,149.7285897,151.7638049,148.5809119,151.6413859,4917
20200803,000000,151.6413859,153.0492040,150.4375995,152.2075736,4917
20200804,000000,151.8250144,156.4157254,151.7076962,156.0331661,4918
20200805,000000,159.1599504,159.5782152,156.3545159,157.7725355,4918
20200806,000000,156.7727807,158.3540256,156.0790732,156.6350593,4867
20200807,000000,154.9722018,157.3287668,153.7531130,157.0074170,4917
20200810,000000,157.0074170,161.9398809,157.0074170,161.8633691,4918
20200811,000000,165.6277521,166.8774456,160.5524660,161.2257703,4916
20200812,000000,161.2257703,164.0057009,160.5728692,162.2459283,4919
20200813,000000,160.8177071,162.2306260,158.7671895,159.1038417,4918
20200814,000000,157.7062252,160.8687150,157.3491699,160.6952882,4898
20200817,000000,160.6952882,160.6952882,158.7314840,159.7159365,4918
20200818,000000,158.5988635,159.9709760,156.5279427,156.9054012,4917
20200819,000000,156.6452609,157.5940078,154.7732710,155.1660318,4888
20200820,000000,153.2379332,153.9775477,151.8199136,151.8199136,4915
20200821,000000,151.4271527,151.5291685,149.4378446,150.7436469,4916
20200824,000000,150.7436469,155.9566543,150.7436469,154.9620002,4919
20200825,000000,155.6098005,155.9413519,152.0851546,152.9165834,4877
20200826,000000,152.9165834,152.9165834,149.3562320,149.4327438,4916
20200827,000000,149.7642952,150.7487477,148.0198250,149.9173189,4916
20200828,000000,150.3253821,152.8757771,149.6775818,152.6207376,4917
20200831,000000,152.6207376,152.7584589,149.1981075,149.2032083,4905
20200901,000000,147.8923053,148.8053467,146.3620683,148.0657321,4913
20200902,000000,147.6270642,148.8971609,146.5099912,147.3108152,4900
20200903,000000,147.1577915,149.8816134,145.2041889,146.1274319,4901
20200904,000000,147.1781947,148.4227874,143.7606654,145.6479577,4880
20200908,000000,145.6479577,145.6479577,138.5629604,140.0268871,4898
20200909,000000,141.4296043,142.4038552,140.5114621,140.8736182,4917
20200910,000000,141.2102704,141.3938988,135.6351069,135.6606108,4817
20200911,000000,135.6606108,136.8235910,134.7628718,135.9615575,4846
20200914,000000,135.9615575,138.1038893,135.3035555,136.9409091,4882
20200915,000000,137.3030652,139.0934425,135.5381919,135.8748440,4919
20200916,000000,136.5634507,143.2352840,136.0482709,141.4092012,4915
20200917,000000,141.4092012,141.5061162,137.6244150,141.5061162,4907
20200918,000000,140.4961598,141.4704107,138.4558438,139.8687626,4915
20200921,000000,139.8687626,139.8687626,133.1561230,135.3902690,4896
20200922,000000,135.4055713,137.5479031,133.8243264,134.0589628,4916
20200923,000000,134.2374904,135.0077097,128.0043251,128.0655345,4900
20200924,000000,127.2443073,130.4629058,125.4233253,128.2236590,4916
20200925,000000,126.6322125,129.1213981,126.1986454,128.1879535,4863
20200928,000000,128.1879535,132.6307416,128.1879535,131.1974196,4918
20200929,000000,130.6159295,131.0852022,126.4026770,127.7084792,4918
20200930,000000,127.7084792,129.7896016,126.5710031,127.2698113,4913
20201001,000000,125.3468135,126.4536849,122.7556121,123.4391180,4917
20201002,000000,123.4391180,125.7140703,120.0878990,124.7602226,4914
20201005,000000,124.7602226,128.5603112,124.7602226,128.5450088,4915
20201006,000000,128.5654120,131.1566133,126.3873746,126.5863054,4861
20201007,000000,126.6016078,128.8714594,126.0456217,128.4889001,4902
20201008,000000,128.5042025,133.4264648,128.5042025,133.3346506,4917
20201009,000000,133.3346506,134.8138797,131.1158070,131.3045362,4915
20201012,000000,131.2892338,132.1818721,129.6620818,131.7483049,4919
20201013,000000,131.7483049,132.5032218,129.4580502,129.8304079,4917
20201014,000000,129.8304079,133.2887435,129.8304079,130.2435719,4917
20201015,000000,130.2435719,131.8554215,126.9433607,131.8044136,4918
20201016,000000,131.2841330,131.4269551,128.7184357,128.8153507,4916
20201019,000000,128.8153507,130.0191371,126.1578391,126.1935446,4888
20201020,000000,126.9178568,128.8102499,126.1986454,127.7543863,4916
20201021,000000,127.7543863,127.7543863,125.2039913,125.2141929,4918
20201022,000000,125.2090921,130.5343169,124.8316337,130.3353861,4912
20201023,000000,131.1974196,131.7840104,128.2899693,129.7130897,4917
20201026,000000,129.7130897,129.7130897,123.9185923,125.2141929,4899
20201027,000000,124.6633076,124.9999597,123.3728077,123.6227464,4917
20201028,000000,120.5979780,121.6181360,118.2057075,118.6953833,4893
20201029,000000,117.0274250,122.5566813,115.7471267,122.1843237,4913
20201030,000000,121.4192052,122.5617821,119.5931223,122.3883553,4914
20201102,000000,122.3883553,128.1318448,121.8833771,126.6679181,4916
20201103,000000,128.7184357,128.7184357,124.7347187,125.8211869,4907
20201104,000000,125.1784874,128.8663586,122.7454106,125.8568925,4913
20201105,000000,125.8772956,128.5246056,125.8007838,126.0354201,4913
20201106,000000,125.9181019,127.8308982,123.0361556,123.4697227,4916
20201109,000000,123.4697227,143.3321990,123.4697227,140.2360195,4308
20201110,000000,142.3579481,143.6229440,139.1342488,143.5872385,4570
20201111,000000,145.0562660,145.2807008,141.3224877,142.6231892,4856
20201112,000000,142.6231892,142.6231892,136.5430475,137.7621363,4918
20201113,000000,138.9812251,143.4597188,138.9812251,142.9139342,4918
20201116,000000,142.9139342,151.9984412,142.9139342,151.7791072,4916
20201117,000000,148.9175641,152.7431566,147.3414199,152.6615439,4917
20201118,000000,153.4980735,154.5233323,148.4737953,148.4941985,4909
20201119,000000,146.5507975,151.2537259,146.0458193,150.9119729,4880
20201120,000000,150.5804216,151.3251369,149.2848209,150.0907458,4913
20201123,000000,150.0907458,160.6850866,150.0907458,160.5014581,4914
20201124,000000,165.6277521,169.0350798,164.4596712,168.6321174,4917
20201125,000000,166.7142204,166.8825464,163.9699953,164.8269281,4916
20201127,000000,164.8269281,165.3268055,161.7715549,162.8070152,2760
20201130,000000,162.8070152,162.8070152,153.9112375,154.2121841,4912
20201201,000000,158.3642271,159.0732369,154.4621228,154.7783718,4914
20201202,000000,154.0285556,161.8582683,153.7429114,159.4608970,4911
20201203,000000,160.0168831,163.0620547,158.6141658,161.1186537,4917
20201204,000000,164.1281198,169.7746944,164.0312048,169.7644928,4919
20201207,000000,169.7644928,169.7644928,164.4443688,165.6736592,4917
20201208,000000,164.1587246,169.8461054,164.0210032,168.2546589,4915
20201209,000000,170.3306805,172.5597257,166.4846848,168.6780245,4914
20201210,000000,168.2393566,175.4110673,168.2393566,173.5900853,4895
20201211,000000,172.4118028,172.4220044,169.3105225,171.6007772,4850
20201214,000000,171.6007772,174.1052651,165.2094873,165.6736592,4915
20201215,000000,166.5815998,169.7644928,165.2043865,168.9789711,4915
20201216,000000,169.5349572,170.0705402,167.1630899,168.2342558,4917
20201217,000000,169.5400580,169.6777794,166.4795840,167.2804081,4917
20201218,000000,166.8927480,168.0098210,163.4803195,164.5718886,4910
20201221,000000,157.5327984,163.0161476,157.2624565,161.7154462,4163
20201222,000000,161.0880490,162.0214936,158.9967251,159.1191441,4754
20201223,000000,160.5881716,164.7606178,160.5881716,162.5315726,4744
20201224,000000,162.4703631,162.4703631,160.1342013,161.5267169,2738
20201228,000000,161.5267169,164.2403372,160.1495036,160.5371637,4893
20201229,000000,161.2665766,162.0214936,158.8794069,159.5221065,4916
20201230,000000,159.4966025,163.6231416,159.3588812,162.1745173,4917
20201231,000000,161.5114146,162.1133078,160.1648060,160.8738158,4916
20210104,000000,160.8738158,164.1230190,159.4200907,161.1390569,4915
20210105,000000,162.6743947,172.4424075,162.6590923,168.2954653,4917
20210106,000000,171.7946072,175.0234073,169.3615304,173.4472632,4909
20210107,000000,174.7989725,177.7829347,173.4115576,176.1404803,4916
20210108,000000,177.9971678,178.3032152,174.4368164,175.8089289,4915
20210111,000000,175.8089289,179.2978693,171.2947298,178.6857745,4916
20210112,000000,180.8179047,185.6330505,179.6855293,184.8475288,4916
20210113,000000,185.1025683,185.1025683,181.9859856,183.3478966,4916
20210114,000000,184.4445664,190.6879334,184.4394656,188.6986253,3650
20210115,000000,185.0821652,185.2351889,179.7314364,181.3279837,4912
20210119,000000,181.3279837,186.0870208,181.3279837,184.8781336,4915
20210120,000000,186.2706492,186.7450227,183.7151534,185.3831118,4916
20210121,000000,184.4190625,185.2351889,177.6197094,179.3182725,4907
20210122,000000,174.6918559,178.8030927,174.1052651,178.4511382,4894
20210125,000000,178.4511382,178.4511382,173.4931703,176.6046522,4904
20210126,000000,178.5990611,180.6342763,172.7127494,172.7280518,4913
20210127,000000,169.7083841,174.9162907,167.4946412,170.3204789,4898
20210128,000000,172.0853522,174.4062117,170.3153781,172.6005320,4905
20210129,000000,169.9532220,172.2383759,166.2551493,166.8774456,4905
20210201,000000,166.8774456,169.7032833,165.3370071,168.1118368,4902
20210202,000000,171.8456151,173.8451248,169.9430204,169.9736252,4915
20210203,000000,170.4582002,177.4411817,170.2796726,177.0382193,4915
20210204,000000,178.2420058,178.8489998,175.2121365,178.7979919,4892
20210205,000000,181.5320153,182.1594125,179.9201657,180.4506478,3657
20210208,000000,180.4506478,188.6578189,180.4506478,187.7906846,4915
20210209,000000,185.5769418,186.2553469,182.8123136,185.0464596,4916
20210210,000000,185.5922442,188.5915087,184.4139617,188.3619731,4917
20210211,000000,187.5152420,187.5560483,181.7513493,185.6483528,4916
20210212,000000,184.2303332,188.4078802,183.9497898,188.2446550,4917
20210216,000000,188.2446550,194.2176800,188.2446550,192.1722633,4917
20210217,000000,192.3252870,196.0386621,191.2643226,194.9674962,4914
20210218,000000,194.9674962,194.9674962,189.8718070,190.2441646,4917
20210219,000000,190.2441646,193.9881445,190.2441646,193.3709489,4916
20210222,000000,193.3709489,202.4248512,193.3709489,199.6041143,4908
20210223,000000,199.6041143,203.6439400,194.2992927,202.9451317,4899
20210224,000000,202.9451317,211.2798226,202.6951930,210.1627496,4911
20210225,000000,210.1627496,211.8103048,204.5977877,205.8576828,4884
20210226,000000,205.8576828,205.8576828,195.4928775,201.2414679,4888
20210301,000000,201.2414679,209.1425916,201.2414679,206.4697776,4892
20210302,000000,206.4697776,208.6886213,205.2965959,205.3782086,4877
20210303,000000,205.3782086,212.9018738,205.3782086,208.2040462,4876
20210304,000000,208.2040462,217.1814366,208.2040462,213.4017512,4813
20210305,000000,213.4017512,221.7109381,213.4017512,221.3640844,4838
20210308,000000,221.3640844,224.4806671,218.4158278,221.5834184,4872
20210309,000000,221.5834184,223.4758115,216.5591402,217.3803674,4890
20210310,000000,217.3803674,224.0266968,217.1712350,223.1697641,4907
20210311,000000,223.1697641,227.1075740,222.8943214,223.4911139,4916
20210312,000000,223.4911139,225.6742520,222.2006140,223.8685723,4853
20210315,000000,223.8685723,223.8685723,218.7779839,221.3130765,4911
20210316,000000,221.3130765,221.3130765,214.0138460,215.1615238,4890
20210317,000000,215.1615238,217.6966164,212.7437493,216.9723042,4893
20210318,000000,216.9723042,216.9723042,206.0617144,206.8778408,4908
20210319,000000,206.8778408,210.4228899,204.2764379,207.1226787,4894
20210322,000000,207.1226787,207.3573151,204.8120209,205.1486730,4912
20210323,000000,205.1486730,206.5717934,199.8897585,202.1596101,4914
20210324,000000,202.1596101,209.7393840,202.1596101,207.0512677,4910
20210325,000000,207.0512677,208.4335818,200.3131241,207.7041688,4909
20210326,000000,207.7041688,213.3813481,207.7041688,213.2130220,4916
20210329,000000,213.2130220,213.2130220,207.9847123,210.4279907,4910
20210330,000000,210.4279907,210.8054491,207.1277795,208.8059394,4912
20210331,000000,208.8059394,209.1068861,206.4646768,206.9900582,4904
20210401,000000,206.9900582,212.4223996,206.9900582,212.3917948,4898
20210405,000000,212.3917948,212.3917948,206.1892342,207.2706017,4916
20210406,000000,207.2706017,211.2084115,206.6330029,206.8268329,4917
20210407,000000,206.8268329,208.6937221,206.3269555,207.8265878,4918
20210408,000000,207.8265878,207.8265878,202.7768057,205.0160525,4917
20210409,000000,205.0160525,206.5921966,202.7615033,203.8785763,4916
20210412,000000,203.8785763,206.7911274,201.4352979,201.9861832,4914
20210413,000000,201.9861832,203.3889005,200.3641320,202.2055172,4919
20210414,000000,202.2055172,210.6473246,202.2055172,208.0816273,4915
20210415,000000,208.0816273,208.0816273,205.4649220,206.3779634,4916
20210416,000000,206.3779634,208.2448525,203.9652897,204.5722837,4917
20210419,000000,204.5722837,206.6993132,202.6492859,204.4600664,4918
20210420,000000,204.4600664,204.4600664,197.1353319,199.0532290,4911
20210421,000000,199.0532290,202.3024322,195.7785218,201.9555785,4915
20210422,000000,201.9555785,201.9555785,198.8338950,199.2776637,4904
20210423,000000,199.2776637,202.0728966,198.5329484,201.2618710,4918
20210426,000000,201.2618710,204.0418016,200.9762268,202.5727741,4914
20210427,000000,202.5727741,205.6740544,202.4707583,205.0007501,4906
20210428,000000,205.0007501,212.7080438,205.0007501,211.8358087,4915
20210429,000000,211.8358087,216.7019624,211.5756684,214.0699547,4911
20210430,000000,214.0699547,214.0699547,208.1938446,208.3213644,4909
20210503,000000,208.3213644,214.6718479,208.3213644,214.2382808,4428
20210504,000000,214.2382808,215.9929526,211.9123206,214.2841879,4904
20210505,000000,214.2841879,221.8843650,214.2841879,221.2569678,4880
20210506,000000,221.2569678,222.1904124,217.0437153,222.1700092,4905
20210507,000000,222.1700092,226.6689060,219.4155826,226.5311847,4902
20210510,000000,226.5311847,232.4889074,226.2404397,226.2659436,4890
20210511,000000,226.2659436,226.2659436,218.8595965,220.7519896,4850
20210512,000000,220.7519896,227.2452953,219.9103593,220.8080983,4819
20210513,000000,220.8080983,222.0118848,215.1615238,217.9057488,4746
20210514,000000,217.9057488,225.5467322,217.9057488,224.8224200,4902
20210517,000000,224.8224200,229.9589156,223.7410526,229.8926053,4904
20210518,000000,229.8926053,230.0762337,223.7461534,224.0828055,4880
20210519,000000,224.0828055,224.0828055,215.8297273,218.6708673,4760
20210520,000000,218.6708673,219.4818929,215.5644862,218.5280452,4587
20210521,000000,218.5280452,222.0118848,218.5280452,218.8799997,4893
20210524,000000,218.8799997,221.3691852,217.8139346,220.8387031,4917
20210525,000000,220.8387031,220.8387031,216.0643636,216.4163181,4916
20210526,000000,216.4163181,219.1911479,215.7430138,218.5637507,4913
20210527,000000,218.5637507,221.2875726,217.3905690,218.7218752,4900
20210528,000000,218.7218752,219.8185451,217.8853456,218.9055036,4917
20210601,000000,218.9055036,227.6431569,218.9055036,227.3422103,4910
20210602,000000,227.3422103,232.3256821,225.9496946,231.2851210,4911
20210603,000000,231.2851210,233.2081188,229.0407734,232.0808442,4834
20210604,000000,232.0808442,234.5139210,230.4230875,233.6212828,4890
20210607,000000,233.6212828,235.0903103,232.6674351,232.9428777,4894
20210608,000000,232.9428777,235.5187767,229.5406508,234.9831937,4904
20210609,000000,234.9831937,236.6766560,233.5498717,233.5753757,4836
20210610,000000,233.5753757,237.7427211,230.9994767,233.3764449,4897
20210611,000000,233.3764449,235.5136759,232.4838066,232.6980398,4916
20210614,000000,232.6980398,235.0393024,229.9844195,231.6625794,4907
20210615,000000,231.6625794,236.5899426,231.6625794,236.1767786,4909
20210616,000000,236.1767786,237.5590927,233.2387235,235.1260158,4863
20210617,000000,235.1260158,236.2226857,224.0011929,226.8270305,4904
20210618,000000,226.8270305,226.8270305,220.1245925,220.1704996,4830
20210621,000000,220.1704996,229.9181093,220.1704996,229.5610540,4907
20210622,000000,229.5610540,231.8921150,226.7352163,231.0045775,4846
20210623,000000,231.0045775,235.6615988,231.0045775,231.7186881,4906
20210624,000000,231.7186881,233.9018262,230.8413522,233.6722907,4881
20210625,000000,233.6722907,235.1566206,233.2897314,234.9525890,4814
20210628,000000,234.9525890,234.9525890,226.6229989,227.4085206,4918
20210629,000000,227.4085206,229.9793187,226.1384239,226.2761452,4903
20210630,000000,226.2761452,229.7599848,226.2761452,229.2295026,4853
20210701,000000,229.2295026,235.0188993,229.2295026,233.0805991,4909
20210702,000000,233.0805991,233.3866465,230.3210717,232.5960240,4919
20210706,000000,232.5960240,232.5960240,224.4347600,225.3171967,4884
20210707,000000,225.3171967,226.9953566,219.3492724,221.4814026,4827
20210708,000000,221.4814026,222.5627701,217.1202271,220.5734620,4875
20210709,000000,223.3533925,225.3273983,220.9101141,225.0264516,4904
20210712,000000,225.0264516,226.1231215,221.2263631,224.7918153,4919
20210713,000000,224.7918153,224.9907461,221.8639618,223.0320428,4915
20210714,000000,223.0320428,226.2506412,215.7583162,216.5183339,4911
20210715,000000,216.5183339,216.7019624,212.5295161,213.4323560,4917
20210716,000000,213.4323560,214.9727946,207.2144930,207.6684633,4915
20210719,000000,207.6684633,207.6684633,197.7117212,200.3437288,4854
20210720,000000,200.3437288,205.2710920,199.0685313,203.3480941,4893
20210721,000000,203.3480941,212.0398403,203.3480941,210.3973859,4902
20210722,000000,210.3973859,210.3973859,206.3575602,208.0612241,4915
20210723,000000,208.0612241,208.0612241,205.1027659,207.1328803,4913
20210726,000000,207.1328803,212.9120754,207.1328803,212.1622593,4863
20210727,000000,212.1622593,212.1622593,207.8214870,209.9077101,4910
20210728,000000,209.9077101,213.5190694,208.6733189,211.9174213,4858
20210729,000000,211.9174213,215.1003143,211.9174213,213.6924963,4895
20210730,000000,213.6924963,213.7384034,209.0813821,210.1219433,4822
20210802,000000,210.1219433,215.3604546,208.4437834,208.6682181,4914
20210803,000000,208.6682181,212.6366327,206.1637302,212.4479035,4902
20210804,000000,212.4479035,212.4479035,206.4085681,206.4697776,4915
20210805,000000,206.4697776,211.4124431,206.4697776,209.1221884,4898
20210806,000000,209.1221884,212.3917948,209.1221884,210.9635736,4910
20210809,000000,210.9635736,210.9635736,206.5411887,208.0153170,4916
20210810,000000,208.0153170,212.2183680,208.0153170,211.7439945,4900
20210811,000000,211.7439945,213.4986662,209.9383148,213.1467117,4911
20210812,000000,213.1467117,213.4017512,209.8516014,212.2897790,4918
20210813,000000,212.2897790,212.2897790,209.3262200,209.5659572,4915
20210816,000000,209.5659572,209.5659572,204.2560348,205.6740544,4914
20210817,000000,205.6740544,206.8982440,202.0065864,203.9040803,4886
20210818,000000,203.9040803,204.7457106,198.9053061,199.1195392,4893
20210819,000000,199.1195392,199.1195392,191.3408345,193.9167334,4883
20210820,000000,193.9167334,195.7071107,191.6213779,194.5747353,4906
20210823,000000,194.5747353,202.2157188,194.5747353,201.7056398,4919
20210824,000000,201.7056398,205.8729852,201.7056398,204.9293390,4915
20210825,000000,204.9293390,207.6429593,203.2307760,206.5768942,4891
20210826,000000,206.5768942,206.5768942,203.2358768,203.5062186,4886
20210827,000000,203.5062186,210.3004709,203.5062186,208.9793663,4786
20210830,000000,208.9793663,210.4840994,206.6228013,206.6279021,4909
20210831,000000,206.6279021,207.3114080,204.6691988,205.0874635,4898
20210901,000000,205.0874635,205.8066749,201.6648334,202.3483393,4901
20210902,000000,202.3483393,208.9946687,202.3483393,207.3471135,4915
20210903,000000,207.3471135,208.4488841,205.3986117,206.3218547,4917
20210907,000000,206.3218547,207.6786649,204.3478490,205.0364556,4914
20210908,000000,205.0364556,207.4848348,202.6390843,202.6747899,4913
20210909,000000,202.6747899,205.9086907,200.3692328,202.7768057,4916
20210910,000000,202.7768057,397.3700000,202.2565251,397.3700000,4895
20210913,000000,202.6900922,409.2200000,202.6900922,409.2200000,4905
20210914,000000,208.7345284,402.7400000,204.7049043,402.7400000,4905
20210915,000000,205.4292165,418.1100000,205.4292165,418.1100000,4907
20210916,000000,213.2691307,413.4600000,209.7087793,413.4600000,4912
20210917,000000,210.8972633,412.8000000,208.6733189,410.1200000,4878
20210920,000000,209.1935995,397.6900000,199.6959285,397.6900000,4857
20210921,000000,202.8533175,399.1300000,201.3485845,399.1300000,4890
20210922,000000,203.5878313,411.4700000,203.5878313,411.4700000,4870
20210923,000000,209.8822061,425.1700000,209.8822061,425.1700000,4912
20210924,000000,216.8702884,428.4300000,215.5389822,428.4300000,4918
20210927,000000,218.5331460,443.5200000,218.5331460,443.5200000,4904
20210928,000000,226.2302381,444.7900000,226.2302381,444.7900000,4854
20210929,000000,226.8780384,444.3100000,223.9042778,444.3100000,4855
20210930,000000,226.6332005,438.3600000,223.5931297,438.3600000,4850
20211001,000000,223.5982304,451.8400000,223.5982304,451.8400000,4867
20211004,000000,230.4740954,459.0600000,230.4740954,459.0600000,4868
20211005,000000,234.1568657,461.6200000,232.9581801,461.6200000,4913
20211006,000000,235.4626680,456.8500000,229.0050678,456.8500000,4885
20211007,000000,233.0295912,460.7700000,232.6062256,460.7700000,4914
20211008,000000,235.0291008,474.3000000,235.0291008,474.3000000,4917
20211011,000000,241.9304697,472.7300000,240.9307149,472.7300000,4908
20211012,000000,241.1296457,473.2900000,239.8544482,473.2900000,4904
20211013,000000,241.4152899,474.0300000,237.5488911,474.0300000,4918
20211014,000000,241.7927484,479.5800000,241.7927484,479.5800000,4915
20211015,000000,244.6236868,481.8500000,244.6236868,481.8500000,4896
20211018,000000,245.7815662,482.7300000,244.9807421,482.7300000,4913
20211019,000000,246.2304357,487.8900000,245.9906985,487.8900000,4917
20211020,000000,248.8624433,491.2200000,246.2253349,491.2200000,4912
20211021,000000,250.5610064,482.8500000,244.4451592,482.8500000,4917
20211022,000000,246.2916452,487.0400000,244.7767105,487.0400000,4911
20211025,000000,248.4288762,494.4700000,248.4288762,494.4700000,4920
20211026,000000,252.2187631,497.1200000,252.0555379,497.1200000,4915
20211027,000000,253.5704725,483.5000000,246.1437222,483.5000000,4913
20211028,000000,246.6231965,487.2300000,245.7815662,487.2300000,4910
20211029,000000,248.5257912,484.0700000,245.9345899,484.0700000,4913
20211101,000000,246.9139415,492.5000000,246.9139415,492.5000000,4918
20211102,000000,251.2139075,487.6900000,248.1330303,487.6900000,4787
20211103,000000,248.7604275,483.8700000,244.9756413,483.4200000,4414
20211104,000000,246.5823902,483.9800000,244.8073153,483.9800000,4790
20211105,000000,246.8680344,490.6100000,246.8680344,490.6100000,4838
20211108,000000,250.2498582,496.2700000,250.2498582,495.3700000,4873
20211109,000000,252.6778342,496.8600000,249.3674215,496.8600000,4910
20211110,000000,253.4378519,482.1800000,244.4553608,482.1800000,4906
20211111,000000,245.9498922,484.6900000,245.9498922,484.6900000,4912
20211112,000000,247.2301905,483.1700000,245.0368508,483.1700000,4908
20211115,000000,246.4548704,486.6100000,244.2309260,486.6100000,4912
20211116,000000,248.2095422,487.2300000,247.3373071,487.2300000,4918
20211117,000000,248.5257912,478.6000000,243.4045980,478.6000000,4915
20211118,000000,244.1238094,476.2700000,240.0482782,476.2700000,4910
20211119,000000,242.9353253,459.6300000,233.8865239,459.6300000,4915
20211122,000000,234.4476108,466.7800000,234.3966029,466.7800000,4908
20211123,000000,238.0946756,480.4000000,238.0946756,480.4000000,4867
20211124,000000,245.0419516,485.5800000,243.9146770,485.5800000,4919
20211126,000000,247.6841608,465.8100000,231.9074174,465.8100000,2731
20211129,000000,237.5998990,468.7300000,237.5998990,468.7300000,4905
20211130,000000,239.0893297,456.6600000,232.0145339,456.6600000,4882
20211201,000000,232.9326761,451.2100000,230.1527456,451.2100000,4863
20211202,000000,230.1527456,463.7600000,227.7502735,463.7600000,4858
20211203,000000,236.5542370,459.5000000,232.2593719,459.5000000,4881
20211206,000000,234.3813005,466.8400000,234.3813005,466.8400000,4908
20211207,000000,238.1252804,477.8000000,238.1252804,477.8000000,4906
20211208,000000,243.7157462,477.7900000,243.2515743,477.7900000,4916
20211209,000000,243.7106454,472.5900000,239.9615648,472.5900000,4912
20211210,000000,241.0582346,475.8400000,238.5435451,475.8400000,4916
20211213,000000,242.7159914,462.8400000,235.0342016,462.8400000,4905
20211214,000000,236.0849644,460.8000000,234.2537808,460.8000000,4908
20211215,000000,235.0444032,459.2000000,228.6990204,459.2000000,4897
20211216,000000,234.2282768,461.4200000,234.2282768,461.4200000,4904
20211217,000000,235.3606522,451.9900000,228.6480125,451.9900000,4894
20211220,000000,230.5506072,446.2100000,222.1649085,446.2100000,4878
20211221,000000,227.6023506,459.4200000,227.6023506,459.4200000,4913
20211222,000000,234.3404942,461.7300000,231.7543937,461.7300000,4911
20211223,000000,235.5187767,462.2800000,235.5187767,462.2800000,4911
20211227,000000,235.7993201,240.9766220,233.2999330,240.9052109,4917
20211228,000000,240.9052109,242.8639143,239.2729581,240.4869461,4918
20211229,000000,240.4869461,241.1500488,237.8906440,238.9975155,4915
20211230,000000,238.9975155,240.8184975,237.2938516,237.4162706,4909
20211231,000000,237.4162706,239.1811439,236.5899426,237.9671559,4913
20220103,000000,237.9671559,245.2867895,237.9671559,245.0725563,4911
20220104,000000,245.0725563,253.9020238,245.0725563,253.0399903,4914
20220105,000000,253.0399903,258.0591677,252.1728560,252.4176939,4860
20220106,000000,257.7123140,259.2884581,254.3304902,258.0234622,4888
20220107,000000,258.0234622,262.1091949,257.4827784,261.4460922,4906
20220110,000000,261.4460922,262.3081258,257.1920334,260.6860745,4890
20220111,000000,260.6860745,269.6481626,260.6860745,269.2962081,4909
20220112,000000,269.2962081,271.3926327,267.8679869,269.9440084,4913
20220113,000000,269.9440084,271.9129133,267.1691786,268.1026232,4903
20220114,000000,268.1026232,274.7030455,268.1026232,274.4225020,4876
